Date,Description,Amount
2026-07-01,Salary credit - Acme Technologies,4200.00
2026-07-02,Rent payment,-1350.00
2026-07-03,DIGITALOCEAN.COM,-48.00
2026-07-05,SPOTIFY P2B1C4,-11.99
2026-07-06,NETFLIX.COM,-17.99
2026-07-08,ADOBE *CREATIVE CLOUD,-59.99
2026-07-09,Grocery store - FreshMart,-86.42
2026-07-12,NOTION LABS,-10.00
2026-07-14,Electricity bill,-78.14
2026-07-15,Mobile plan,-32.00
2026-07-21,ATM withdrawal,-100.00
2026-07-22,Restaurant,-42.30
2026-07-30,Internet bill,-54.90
2026-08-01,Salary credit - Acme Technologies,4200.00
2026-08-02,Rent payment,-1350.00
2026-08-03,DIGITALOCEAN.COM,-48.00
2026-08-05,SPOTIFY P2B1C4,-11.99
2026-08-06,NETFLIX.COM,-17.99
2026-08-08,ADOBE *CREATIVE CLOUD,-59.99
2026-08-10,Grocery store - FreshMart,-91.18
2026-08-12,NOTION LABS,-10.00
2026-08-14,Electricity bill,-81.92
2026-08-15,Mobile plan,-32.00
2026-08-20,OVERDRAFT FEE,-15.00
2026-08-22,AMAZON MKTP US,-84.20
2026-08-22,AMAZON MKTP US,-84.20
2026-08-29,Internet bill,-54.90
2026-09-01,Salary credit - Acme Technologies,4200.00
2026-09-02,Rent payment,-1350.00
2026-09-03,DIGITALOCEAN.COM,-48.00
2026-09-05,SPOTIFY P2B1C4,-12.99
2026-09-06,NETFLIX.COM,-17.99
2026-09-08,ADOBE *CREATIVE CLOUD,-59.99
2026-09-11,Grocery store - FreshMart,-96.71
2026-09-12,NOTION LABS,-10.00
2026-09-13,Electricity bill,-76.28
2026-09-15,Mobile plan,-32.00
2026-09-22,Restaurant,-45.90
2026-09-29,Internet bill,-54.90
