Date,Description,Amount,Currency,Card Last4
2026-04-06,NOODLE BAR 21,56.69,USD,4417
2026-04-07,BEANHOUSE COFFEE 0231,6.17,USD,4417
2026-04-07,ZIPRIDE*TRIP,20.91,USD,4417
2026-04-07,URBAN THREADS,81.93,USD,4417
2026-04-07,TRANSITLINK TOPUP,10.00,USD,4417
2026-04-08,BEANHOUSE COFFEE 0231,5.69,USD,4417
2026-04-08,ZIPRIDE*TRIP,23.36,USD,4417
2026-04-09,LUMEN MOBILE BILL,38.00,USD,4417
2026-04-09,DAILY GREENS GROCER,35.76,USD,4417
2026-04-09,ZIPRIDE*TRIP,28.26,USD,4417
2026-04-10,HARBOUR GRILL,58.97,USD,4417
2026-04-11,FRESHMART #112,108.65,USD,4417
2026-04-11,MEDIPLUS PHARMACY,54.92,USD,4417
2026-04-12,TUNEWAVE*PREMIUM,10.99,USD,4417
2026-04-14,BEANHOUSE COFFEE 0231,5.67,USD,4417
2026-04-14,DAILY GREENS GROCER,23.26,USD,4417
2026-04-14,ZIPRIDE*TRIP,24.69,USD,4417
2026-04-14,SPICE ROUTE KITCHEN,67.38,USD,4417
2026-04-15,BRIGHTGRID ENERGY,71.29,USD,4417
2026-04-15,BEANHOUSE COFFEE 0231,5.73,USD,4417
2026-04-16,ZIPRIDE*TRIP,6.32,USD,4417
2026-04-17,DAILY GREENS GROCER,14.84,USD,4417
2026-04-17,BAO HOUSE,33.16,USD,4417
2026-04-18,VISTAFLIX*STREAM 8889,6.99,USD,4417
2026-04-18,FRESHMART #112,86.26,USD,4417
2026-04-18,ZIPRIDE*TRIP,17.21,USD,4417
2026-04-21,BEANHOUSE COFFEE 0231,7.76,USD,4417
2026-04-21,DAILY GREENS GROCER,17.12,USD,4417
2026-04-22,BEANHOUSE COFFEE 0231,7.68,USD,4417
2026-04-23,BEANHOUSE COFFEE 0231,5.30,USD,4417
2026-04-23,DAILY GREENS GROCER,17.69,USD,4417
2026-04-23,ZIPRIDE*TRIP,17.76,USD,4417
2026-04-24,GREEN BOWL CAFE,61.21,USD,4417
2026-04-25,FITPULSE CLUB,59.00,USD,4417
2026-04-25,FRESHMART #112,73.28,USD,4417
2026-04-25,GREEN BOWL CAFE,59.93,USD,4417
2026-04-26,GREEN BOWL CAFE,59.21,USD,4417
2026-04-28,DAILY GREENS GROCER,34.61,USD,4417
2026-04-29,BEANHOUSE COFFEE 0231,7.60,USD,4417
2026-04-30,BEANHOUSE COFFEE 0231,6.26,USD,4417
2026-04-30,URBAN THREADS,55.55,USD,4417
2026-05-01,ZIPRIDE*TRIP,15.18,USD,4417
2026-05-01,NOODLE BAR 21,21.74,USD,4417
2026-05-02,VISTAFLIX*STREAM 8889,22.99,USD,4417
2026-05-02,FRESHMART ONLINE,83.56,USD,4417
2026-05-02,GREEN BOWL CAFE,23.60,USD,4417
2026-05-03,GLOBEROAM ESIM,24.00,USD,4417
2026-05-04,BEANHOUSE COFFEE 0231,4.56,USD,4417
2026-05-04,MEDIPLUS PHARMACY,111.48,USD,4417
2026-05-05,BEANHOUSE COFFEE 0231,4.81,USD,4417
2026-05-05,ZIPRIDE*TRIP,13.16,USD,4417
2026-05-06,BEANHOUSE COFFEE 0231,6.98,USD,4417
2026-05-08,NOODLE BAR 21,52.68,USD,4417
2026-05-09,LUMEN MOBILE BILL,38.00,USD,4417
2026-05-09,FRESHMART #112,66.05,USD,4417
2026-05-09,HARBOUR GRILL,58.39,USD,4417
2026-05-10,DAILY GREENS GROCER,9.09,USD,4417
2026-05-10,ZIPRIDE*TRIP,12.93,USD,4417
2026-05-11,BEANHOUSE COFFEE 0231,4.57,USD,4417
2026-05-11,TRANSITLINK TOPUP,30.00,USD,4417
2026-05-12,TUNEWAVE*PREMIUM,10.99,USD,4417
2026-05-12,DAILY GREENS GROCER,26.36,USD,4417
2026-05-12,ZIPRIDE*TRIP,24.70,USD,4417
2026-05-13,BEANHOUSE COFFEE 0231,4.65,USD,4417
2026-05-13,ZIPRIDE*TRIP,26.42,USD,4417
2026-05-13,TRANSITLINK TOPUP,30.00,USD,4417
2026-05-14,ZIPRIDE*TRIP,17.03,USD,4417
2026-05-15,BRIGHTGRID ENERGY,94.07,USD,4417
2026-05-15,ZIPRIDE*TRIP,16.35,USD,4417
2026-05-16,FRESHMART #112,118.15,USD,4417
2026-05-16,GREEN BOWL CAFE,36.85,USD,4417
2026-05-17,ZIPRIDE*TRIP,17.04,USD,4417
2026-05-18,VISTAFLIX*STREAM 8889,6.99,USD,4417
2026-05-18,ZIPRIDE*TRIP,17.65,USD,4417
2026-05-19,BEANHOUSE COFFEE 0231,6.69,USD,4417
2026-05-19,TRANSITLINK TOPUP,10.00,USD,4417
2026-05-20,ZIPRIDE*TRIP,12.43,USD,4417
2026-05-21,BEANHOUSE COFFEE 0231,6.24,USD,4417
2026-05-22,HARBOUR GRILL,48.50,USD,4417
2026-05-23,FRESHMART ONLINE,57.21,USD,4417
2026-05-25,FITPULSE CLUB,59.00,USD,4417
2026-05-25,DAILY GREENS GROCER,11.92,USD,4417
2026-05-27,HARBOUR GRILL,38.92,USD,4417
2026-05-29,TRANSITLINK TOPUP,30.00,USD,4417
2026-05-30,FRESHMART ONLINE,126.51,USD,4417
2026-05-30,SUSHI TRAIN 88,64.77,USD,4417
2026-05-31,ZIPRIDE*TRIP,12.48,USD,4417
2026-06-02,VISTAFLIX*STREAM 8889,22.99,USD,4417
2026-06-02,ZIPRIDE*TRIP,28.46,USD,4417
2026-06-02,GREEN BOWL CAFE,13.35,USD,4417
2026-06-03,GLOBEROAM ESIM,24.00,USD,4417
2026-06-03,BEANHOUSE COFFEE 0231,4.62,USD,4417
2026-06-04,BEANHOUSE COFFEE 0231,4.91,USD,4417
2026-06-04,BAO HOUSE,32.16,USD,4417
2026-06-05,BEANHOUSE COFFEE 0231,4.69,USD,4417
2026-06-05,ZIPRIDE*TRIP,25.03,USD,4417
2026-06-05,GREEN BOWL CAFE,17.92,USD,4417
2026-06-05,MEDIPLUS PHARMACY,49.55,USD,4417
2026-06-06,FRESHMART #112,120.16,USD,4417
2026-06-06,PIXEL MART ELECTRONICS,42.33,USD,4417
2026-06-07,DAILY GREENS GROCER,17.76,USD,4417
2026-06-08,BEANHOUSE COFFEE 0231,6.63,USD,4417
2026-06-09,LUMEN MOBILE BILL,38.00,USD,4417
2026-06-10,BEANHOUSE COFFEE 0231,6.57,USD,4417
2026-06-11,BEANHOUSE COFFEE 0231,4.53,USD,4417
2026-06-11,DAILY GREENS GROCER,23.03,USD,4417
2026-06-11,TRANSITLINK TOPUP,20.00,USD,4417
2026-06-12,TUNEWAVE*PREMIUM,10.99,USD,4417
2026-06-12,ZIPRIDE*TRIP,11.46,USD,4417
2026-06-13,FRESHMART ONLINE,121.97,USD,4417
2026-06-13,BAO HOUSE,15.26,USD,4417
2026-06-14,BAO HOUSE,61.71,USD,4417
2026-06-15,BRIGHTGRID ENERGY,77.33,USD,4417
2026-06-17,ZIPRIDE*TRIP,16.04,USD,4417
2026-06-18,VISTAFLIX*STREAM 8889,6.99,USD,4417
2026-06-18,BEANHOUSE COFFEE 0231,7.11,USD,4417
2026-06-19,ZIPRIDE*TRIP,17.12,USD,4417
2026-06-20,FRESHMART ONLINE,56.78,USD,4417
2026-06-20,HANDYMAN HARDWARE,97.12,USD,4417
2026-06-20,URBAN THREADS REFUND,-29.90,USD,4417
2026-06-22,ZIPRIDE*TRIP,19.95,USD,4417
2026-06-23,BEANHOUSE COFFEE 0231,7.36,USD,4417
2026-06-23,ZIPRIDE*TRIP,9.41,USD,4417
2026-06-24,BEANHOUSE COFFEE 0231,4.67,USD,4417
2026-06-24,NOODLE BAR 21,26.37,USD,4417
2026-06-24,PIXEL MART ELECTRONICS,40.52,USD,4417
2026-06-25,FITPULSE CLUB,59.00,USD,4417
2026-06-25,ZIPRIDE*TRIP,19.13,USD,4417
2026-06-25,SUSHI TRAIN 88,36.54,USD,4417
2026-06-26,ZIPRIDE*TRIP,11.61,USD,4417
2026-06-27,FRESHMART ONLINE,130.44,USD,4417
2026-06-27,ZIPRIDE*TRIP,9.44,USD,4417
2026-06-29,BEANHOUSE COFFEE 0231,6.84,USD,4417
2026-06-29,DAILY GREENS GROCER,19.53,USD,4417
2026-06-29,ZIPRIDE*TRIP,11.57,USD,4417
2026-06-29,SUSHI TRAIN 88,44.01,USD,4417
2026-07-01,BEANHOUSE COFFEE 0231,7.30,USD,4417
2026-07-01,BAO HOUSE,57.50,USD,4417
2026-07-02,VISTAFLIX*STREAM 8889,22.99,USD,4417
2026-07-02,BEANHOUSE COFFEE 0231,7.39,USD,4417
2026-07-03,GLOBEROAM ESIM,24.00,USD,4417
2026-07-04,FRESHMART ONLINE,103.49,USD,4417
2026-07-04,ZIPRIDE*TRIP,15.67,USD,4417
2026-07-04,SUSHI TRAIN 88,28.61,USD,4417
2026-07-05,ZIPRIDE*TRIP,26.27,USD,4417
2026-07-06,BEANHOUSE COFFEE 0231,5.14,USD,4417
2026-07-06,ZIPRIDE*TRIP,13.50,USD,4417
2026-07-08,BEANHOUSE COFFEE 0231,6.38,USD,4417
2026-07-08,ZIPRIDE*TRIP,16.42,USD,4417
2026-07-08,SPICE ROUTE KITCHEN,34.24,USD,4417
2026-07-09,LUMEN MOBILE BILL,38.00,USD,4417
2026-07-09,BEANHOUSE COFFEE 0231,6.35,USD,4417
2026-07-09,ZIPRIDE*TRIP,25.84,USD,4417
2026-07-10,BEANHOUSE COFFEE 0231,5.49,USD,4417
2026-07-10,ZIPRIDE*TRIP,25.05,USD,4417
2026-07-10,GREEN BOWL CAFE,31.48,USD,4417
2026-07-11,FRESHMART ONLINE,62.22,USD,4417
2026-07-12,TUNEWAVE*PREMIUM,10.99,USD,4417
2026-07-12,TRANSITLINK TOPUP,10.00,USD,4417
2026-07-14,DAILY GREENS GROCER,16.96,USD,4417
2026-07-15,BRIGHTGRID ENERGY,93.90,USD,4417
2026-07-15,BEANHOUSE COFFEE 0231,4.51,USD,4417
2026-07-15,NOODLE BAR 21,66.86,USD,4417
2026-07-16,SUSHI TRAIN 88,57.89,USD,4417
2026-07-16,HANDYMAN HARDWARE,104.28,USD,4417
2026-07-17,SUSHI TRAIN 88,67.95,USD,4417
2026-07-18,VISTAFLIX*STREAM 8889,6.99,USD,4417
2026-07-18,FRESHMART ONLINE,42.28,USD,4417
2026-07-18,ZIPRIDE*TRIP,17.17,USD,4417
2026-07-18,SUSHI TRAIN 88,33.67,USD,4417
2026-07-20,ZIPRIDE*TRIP,20.47,USD,4417
2026-07-21,BEANHOUSE COFFEE 0231,7.61,USD,4417
2026-07-21,ZIPRIDE*TRIP,10.24,USD,4417
2026-07-22,BEANHOUSE COFFEE 0231,4.54,USD,4417
2026-07-23,BEANHOUSE COFFEE 0231,7.36,USD,4417
2026-07-24,BEANHOUSE COFFEE 0231,5.45,USD,4417
2026-07-24,ZIPRIDE*TRIP,23.05,USD,4417
2026-07-24,SPICE ROUTE KITCHEN,27.43,USD,4417
2026-07-25,FITPULSE CLUB,59.00,USD,4417
2026-07-25,FRESHMART ONLINE,104.92,USD,4417
2026-07-25,DAILY GREENS GROCER,15.78,USD,4417
2026-07-25,TRANSITLINK TOPUP,10.00,USD,4417
2026-07-28,SKYLANE AIR TKT SKX7Q2,486.00,USD,4417
2026-07-28,TRANSITLINK TOPUP,30.00,USD,4417
2026-07-29,BEANHOUSE COFFEE 0231,5.55,USD,4417
2026-07-29,ZIPRIDE*TRIP,20.60,USD,4417
2026-07-30,BEANHOUSE COFFEE 0231,4.65,USD,4417
2026-07-31,BEANHOUSE COFFEE 0231,5.99,USD,4417
2026-07-31,ZIPRIDE*TRIP,14.38,USD,4417
2026-07-31,KOPI CORNER,23.40,USD,4417
2026-08-01,FRESHMART #112,86.97,USD,4417
2026-08-01,ZIPRIDE*TRIP,15.88,USD,4417
2026-08-01,GREEN BOWL CAFE,33.66,USD,4417
2026-08-02,VISTAFLIX*STREAM 8889,22.99,USD,4417
2026-08-02,DAILY GREENS GROCER,31.46,USD,4417
2026-08-03,GLOBEROAM ESIM,24.00,USD,4417
2026-08-03,BEANHOUSE COFFEE 0231,6.63,USD,4417
2026-08-03,ZIPRIDE*TRIP,11.47,USD,4417
2026-08-05,HARBOUR GRILL,25.08,USD,4417
2026-08-06,BEANHOUSE COFFEE 0231,4.75,USD,4417
2026-08-07,DAILY GREENS GROCER,30.88,USD,4417
2026-08-07,HARBOUR GRILL,52.48,USD,4417
2026-08-08,FRESHMART #112,89.07,USD,4417
2026-08-09,LUMEN MOBILE BILL,38.00,USD,4417
2026-08-09,TRANSITLINK TOPUP,30.00,USD,4417
2026-08-10,DAILY GREENS GROCER,10.44,USD,4417
2026-08-10,ZIPRIDE*TRIP,22.28,USD,4417
2026-08-10,SUSHI TRAIN 88,31.00,USD,4417
2026-08-12,TUNEWAVE*PREMIUM,10.99,USD,4417
2026-08-12,ZIPRIDE*TRIP,15.37,USD,4417
2026-08-13,BEANHOUSE COFFEE 0231,7.06,USD,4417
2026-08-13,ZIPRIDE*TRIP,8.11,USD,4417
2026-08-14,CARTWELL.COM ORDER CW-4380,34.50,USD,4417
2026-08-14,BEANHOUSE COFFEE 0231,6.12,USD,4417
2026-08-14,ZIPRIDE*TRIP,18.14,USD,4417
2026-08-15,BRIGHTGRID ENERGY,93.13,USD,4417
2026-08-15,FRESHMART #112,74.80,USD,4417
2026-08-16,MEDIPLUS PHARMACY,18.80,USD,4417
2026-08-16,TRANSITLINK TOPUP,10.00,USD,4417
2026-08-17,ZIPRIDE*TRIP,19.03,USD,4417
2026-08-17,TRANSITLINK TOPUP,30.00,USD,4417
2026-08-18,VISTAFLIX*STREAM 8889,6.99,USD,4417
2026-08-18,BEANHOUSE COFFEE 0231,7.40,USD,4417
2026-08-18,DAILY GREENS GROCER,26.15,USD,4417
2026-08-19,BEANHOUSE COFFEE 0231,6.39,USD,4417
2026-08-20,BEANHOUSE COFFEE 0231,6.35,USD,4417
2026-08-20,ZIPRIDE*TRIP,15.70,USD,4417
2026-08-21,SUSHI TRAIN 88,48.13,USD,4417
2026-08-22,FRESHMART #112,132.52,USD,4417
2026-08-22,SPICE ROUTE KITCHEN,64.37,USD,4417
2026-08-23,ZIPRIDE*TRIP,10.84,USD,4417
2026-08-25,FITPULSE CLUB,59.00,USD,4417
2026-08-25,DAILY GREENS GROCER,17.80,USD,4417
2026-08-25,NOODLE BAR 21,64.96,USD,4417
2026-08-26,BEANHOUSE COFFEE 0231,5.14,USD,4417
2026-08-27,BEANHOUSE COFFEE 0231,5.42,USD,4417
2026-08-27,ZIPRIDE*TRIP,8.55,USD,4417
2026-08-27,HANDYMAN HARDWARE,90.62,USD,4417
2026-08-28,PARCELO MKT PM-88190,15.99,USD,4417
2026-08-28,BEANHOUSE COFFEE 0231,4.99,USD,4417
2026-08-28,ZIPRIDE*TRIP,22.15,USD,4417
2026-08-29,FRESHMART #112,99.82,USD,4417
2026-08-30,PIXEL MART ELECTRONICS,18.75,USD,4417
2026-08-31,BEANHOUSE COFFEE 0231,5.64,USD,4417
2026-09-01,BEANHOUSE COFFEE 0231,7.52,USD,4417
2026-09-01,KOPI CORNER,37.13,USD,4417
2026-09-01,TRANSITLINK TOPUP,20.00,USD,4417
2026-09-02,VISTAFLIX*STREAM 8889,22.99,USD,4417
2026-09-02,BEANHOUSE COFFEE 0231,4.98,USD,4417
2026-09-03,GLOBEROAM ESIM,24.00,USD,4417
2026-09-03,BEANHOUSE COFFEE 0231,4.91,USD,4417
2026-09-04,BEANHOUSE COFFEE 0231,6.62,USD,4417
2026-09-05,FRESHMART ONLINE,51.39,USD,4417
2026-09-06,NOODLE BAR 21,64.33,USD,4417
2026-09-06,URBAN THREADS,86.09,USD,4417
2026-09-07,PARCELO MKT PM-88213,42.90,USD,4417
2026-09-07,ZIPRIDE*TRIP,26.81,USD,4417
2026-09-08,BEANHOUSE COFFEE 0231,4.93,USD,4417
2026-09-09,PARCELO MKT PM-88247,67.25,USD,4417
2026-09-09,LUMEN MOBILE BILL,38.00,USD,4417
2026-09-09,BEANHOUSE COFFEE 0231,4.72,USD,4417
2026-09-11,BEANHOUSE COFFEE 0231,5.56,USD,4417
2026-09-11,DAILY GREENS GROCER,14.34,USD,4417
2026-09-11,SUSHI TRAIN 88,65.03,USD,4417
2026-09-11,PIXEL MART ELECTRONICS,96.78,USD,4417
2026-09-12,TUNEWAVE*PREMIUM,10.99,USD,4417
2026-09-12,FRESHMART ONLINE,119.28,USD,4417
2026-09-12,SUSHI TRAIN 88,47.85,USD,4417
2026-09-13,KOPI CORNER,65.57,USD,4417
2026-09-14,BEANHOUSE COFFEE 0231,4.95,USD,4417
2026-09-14,PAGEWORTH BOOKS,74.21,USD,4417
2026-09-15,BRIGHTGRID ENERGY,102.21,USD,4417
2026-09-15,BEANHOUSE COFFEE 0231,7.53,USD,4417
2026-09-18,VISTAFLIX*STREAM 8889,6.99,USD,4417
2026-09-18,BEANHOUSE COFFEE 0231,7.49,USD,4417
2026-09-18,HARBOUR GRILL,35.41,USD,4417
2026-09-19,FRESHMART ONLINE,61.87,USD,4417
2026-09-19,ZIPRIDE*TRIP,9.83,USD,4417
2026-09-21,CARTWELL.COM ORDER CW-4417,49.99,USD,4417
2026-09-21,CARTWELL.COM ORDER CW-4417,49.99,USD,4417
2026-09-21,TRANSITLINK TOPUP,30.00,USD,4417
2026-09-22,BEANHOUSE COFFEE 0231,6.54,USD,4417
2026-09-22,ZIPRIDE*TRIP,27.78,USD,4417
2026-09-22,URBAN THREADS,83.59,USD,4417
2026-09-23,BEANHOUSE COFFEE 0231,6.83,USD,4417
2026-09-24,DAILY GREENS GROCER,24.04,USD,4417
2026-09-25,FITPULSE CLUB,59.00,USD,4417
2026-09-25,BEANHOUSE COFFEE 0231,5.28,USD,4417
2026-09-25,NOODLE BAR 21,63.76,USD,4417
2026-09-26,FRESHMART #112,60.27,USD,4417
2026-09-26,ZIPRIDE*TRIP,12.33,USD,4417
2026-09-26,MEDIPLUS PHARMACY,88.43,USD,4417
2026-09-28,CARTWELL.COM ORDER CW-4502,199.00,USD,4417
2026-09-29,ZIPRIDE*TRIP,19.25,USD,4417
2026-09-30,CARTWELL.COM ORDER CW-4511,89.00,USD,4417
2026-09-30,ZIPRIDE*TRIP,12.41,USD,4417
2026-10-01,BEANHOUSE COFFEE 0231,7.50,USD,4417
2026-10-02,VISTAFLIX*STREAM 8889,22.99,USD,4417
2026-10-02,BEANHOUSE COFFEE 0231,5.61,USD,4417
2026-10-03,GLOBEROAM ESIM,24.00,USD,4417
2026-10-03,FRESHMART #112,51.59,USD,4417
2026-10-03,HARBOUR GRILL,38.15,USD,4417
2026-10-05,BEANHOUSE COFFEE 0231,6.47,USD,4417
2026-10-05,ZIPRIDE*TRIP,13.96,USD,4417
2026-10-06,BEANHOUSE COFFEE 0231,7.40,USD,4417
2026-10-06,DAILY GREENS GROCER,29.76,USD,4417
